Solution,Number, Implementation Cost ($), Opportunity Cost ($), Particulate Nitrogen (t/yr), Sediment Production (t/yr), Total Nitrogen (t/yr), Dissolved Nitrogen (t/yr),,Combined Actions,HillSlope Restoration,RiverBank Restoration,Wetlands Establishment,Gully Restoration
HalveSediment_20MSolution(8892_of_13898)-ManagementActions,8892-of-13898,23251952,2513188.25,215,111318,374,159,,,,,,
HalveSediment_20MSolution(11779_of_13898)-ManagementActions,11779-of-13898,24351521,2153413.76,214,111127,373,159,,,,,,
HalveSediment_20MSolution(5944_of_13898)-ManagementActions,5944-of-13898,24362314,2295026.8,214,110993,374,160,,,,,,
HalveSediment_20MSolution(5943_of_13898)-ManagementActions,5943-of-13898,24374570,2296394.35,214,110993,374,160,,,,,,
HalveSediment_20MSolution(2708_of_13898)-ManagementActions,2708-of-13898,24421021,2447690.52,214,110787,373,159,,,,,,
HalveSediment_20MSolution(5942_of_13898)-ManagementActions,5942-of-13898,24792673,2337363.96,214,110818,373,159,,,,,,
HalveSediment_20MSolution(11778_of_13898)-ManagementActions,11778-of-13898,24823540,2194925.45,214,110942,372,158,,,,,,
HalveSediment_20MSolution(13147_of_13898)-ManagementActions,13147-of-13898,24830615,2215785.12,214,110886,372,158,,,,,,
HalveSediment_20MSolution(13146_of_13898)-ManagementActions,13146-of-13898,25078742,2231014.35,214,110881,372,158,,,,,,
HalveSediment_20MSolution(11777_of_13898)-ManagementActions,11777-of-13898,25119501,2239672.27,214,110880,372,158,,,,,,
HalveSediment_20MSolution(11776_of_13898)-ManagementActions,11776-of-13898,25312628,2249926.72,214,110672,371,158,,,,,,
HalveSediment_20MSolution(10276_of_13898)-ManagementActions,10276-of-13898,25442223,2619844.43,215,111306,372,157,,,,,,
HalveSediment_20MSolution(11775_of_13898)-ManagementActions,11775-of-13898,25807079,2287551.38,213,110416,370,157,,,,,,
HalveSediment_20MSolution(4566_of_13898)-ManagementActions,4566-of-13898,26007657,2568996.44,215,111318,372,157,,,,,,
HalveSediment_20MSolution(8782_of_13898)-ManagementActions,8782-of-13898,27817468,1977979.98,214,110671,371,157,,,,,,
HalveSediment_20MSolution(7690_of_13898)-ManagementActions,7690-of-13898,28003208,2021012.98,213,110606,371,159,,,,,,
HalveSediment_20MSolution(7689_of_13898)-ManagementActions,7689-of-13898,28090923,2031454.33,212,110474,370,158,,,,,,
HalveSediment_20MSolution(8781_of_13898)-ManagementActions,8781-of-13898,28311920,2015604.64,213,110415,370,157,,,,,,
HalveSediment_20MSolution(11370_of_13898)-ManagementActions,11370-of-13898,28581001,2634213.99,215,111261,372,157,,,,,,
HalveSediment_20MSolution(8891_of_13898)-ManagementActions,8891-of-13898,29134612,2712032.12,215,111226,371,156,,,,,,
HalveSediment_20MSolution(4389_of_13898)-ManagementActions,4389-of-13898,29396261,2979417.74,213,110559,368,154,,,,,,
HalveSediment_20MSolution(5854_of_13898)-ManagementActions,5854-of-13898,29999835,1927634.81,215,110963,372,158,,,,,,
HalveSediment_20MSolution(4565_of_13898)-ManagementActions,4565-of-13898,30213363,2712032.12,215,111044,371,156,,,,,,
HalveSediment_20MSolution(3196_of_13898)-ManagementActions,3196-of-13898,30356831,2760454.91,214,110750,371,157,,,,,,
HalveSediment_20MSolution(7688_of_13898)-ManagementActions,7688-of-13898,30484535,2186624.53,212,110235,369,157,,,,,,
HalveSediment_20MSolution(5260_of_13898)-ManagementActions,5260-of-13898,30845240,2248838.2,212,110235,368,156,,,,,,
HalveSediment_20MSolution(5561_of_13898)-ManagementActions,5561-of-13898,30883983,1867658.25,215,111053,377,162,,,,,,
HalveSediment_20MSolution(10275_of_13898)-ManagementActions,10275-of-13898,31032975,2754103.33,215,111248,367,153,,,,,,
HalveSediment_20MSolution(5606_of_13898)-ManagementActions,5606-of-13898,31111196,2613276.92,212,110043,368,156,,,,,,
HalveSediment_20MSolution(8780_of_13898)-ManagementActions,8780-of-13898,31146172,2614537.51,212,110043,368,156,,,,,,
HalveSediment_20MSolution(5560_of_13898)-ManagementActions,5560-of-13898,31280703,1895192.99,215,111045,376,161,,,,,,
HalveSediment_20MSolution(3878_of_13898)-ManagementActions,3878-of-13898,31292959,1896560.54,215,111044,376,161,,,,,,
HalveSediment_20MSolution(5259_of_13898)-ManagementActions,5259-of-13898,31373659,2253661.38,212,109981,368,156,,,,,,
HalveSediment_20MSolution(9673_of_13898)-ManagementActions,9673-of-13898,31634558,1869245.38,215,111133,376,161,,,,,,
HalveSediment_20MSolution(5258_of_13898)-ManagementActions,5258-of-13898,31920715,2253661.38,211,109885,368,156,,,,,,
HalveSediment_20MSolution(4388_of_13898)-ManagementActions,4388-of-13898,32373803,3302405.73,213,110500,367,154,,,,,,
HalveSediment_20MSolution(5257_of_13898)-ManagementActions,5257-of-13898,32415167,2291286.04,211,109629,367,156,,,,,,
HalveSediment_20MSolution(8634_of_13898)-ManagementActions,8634-of-13898,32910866,1760406.6,215,111266,374,159,,,,,,
HalveSediment_20MSolution(8633_of_13898)-ManagementActions,8633-of-13898,32982370,1761140.59,215,111257,374,159,,,,,,
HalveSediment_20MSolution(6997_of_13898)-ManagementActions,6997-of-13898,33270743,1777577.67,215,111214,374,159,,,,,,
HalveSediment_20MSolution(9815_of_13898)-ManagementActions,9815-of-13898,33292443,2255353.09,215,111136,371,156,,,,,,
HalveSediment_20MSolution(7830_of_13898)-ManagementActions,7830-of-13898,33335329,2087779.39,215,111001,371,156,,,,,,
HalveSediment_20MSolution(9814_of_13898)-ManagementActions,9814-of-13898,33363947,2256087.08,215,111126,371,156,,,,,,
HalveSediment_20MSolution(8908_of_13898)-ManagementActions,8908-of-13898,33521426,2351305.24,214,110862,368,154,,,,,,
HalveSediment_20MSolution(8743_of_13898)-ManagementActions,8743-of-13898,33534585,1781092,215,111156,374,159,,,,,,
HalveSediment_20MSolution(10019_of_13898)-ManagementActions,10019-of-13898,33548121,2805074.83,215,111244,365,151,,,,,,
HalveSediment_20MSolution(7043_of_13898)-ManagementActions,7043-of-13898,33571540,2800169.87,213,110380,367,154,,,,,,
HalveSediment_20MSolution(8742_of_13898)-ManagementActions,8742-of-13898,33651975,1781115.48,215,111143,374,159,,,,,,
HalveSediment_20MSolution(13479_of_13898)-ManagementActions,13479-of-13898,33765394,2540430.08,214,110992,368,153,,,,,,
HalveSediment_20MSolution(10274_of_13898)-ManagementActions,10274-of-13898,33798038,2843393.45,215,111238,365,151,,,,,,
HalveSediment_20MSolution(4387_of_13898)-ManagementActions,4387-of-13898,34013440,3331798.52,213,110491,367,154,,,,,,
HalveSediment_20MSolution(8907_of_13898)-ManagementActions,8907-of-13898,34060707,3049792.43,214,110700,367,153,,,,,,
HalveSediment_20MSolution(8906_of_13898)-ManagementActions,8906-of-13898,34062993,3049815.91,214,110700,367,153,,,,,,
HalveSediment_20MSolution(4057_of_13898)-ManagementActions,4057-of-13898,34093412,3348739.79,213,110490,367,154,,,,,,
HalveSediment_20MSolution(9672_of_13898)-ManagementActions,9672-of-13898,34390263,1925053.57,215,111133,374,159,,,,,,
HalveSediment_20MSolution(9813_of_13898)-ManagementActions,9813-of-13898,34442699,2256087.08,215,110944,370,156,,,,,,
HalveSediment_20MSolution(9671_of_13898)-ManagementActions,9671-of-13898,34461767,1925787.56,215,111123,374,159,,,,,,
HalveSediment_20MSolution(10018_of_13898)-ManagementActions,10018-of-13898,34499850,2961669.78,214,111222,365,150,,,,,,
HalveSediment_20MSolution(6996_of_13898)-ManagementActions,6996-of-13898,34654893,1936042.01,215,110915,373,159,,,,,,
HalveSediment_20MSolution(5605_of_13898)-ManagementActions,5605-of-13898,34874040,2757764.5,212,109866,367,155,,,,,,
HalveSediment_20MSolution(6595_of_13898)-ManagementActions,6595-of-13898,34917953,3002639.39,214,111047,364,150,,,,,,
HalveSediment_20MSolution(8905_of_13898)-ManagementActions,8905-of-13898,34931598,3102509.91,213,110474,366,152,,,,,,
HalveSediment_20MSolution(12227_of_13898)-ManagementActions,12227-of-13898,34940910,2580345.14,213,110636,368,155,,,,,,
HalveSediment_20MSolution(5884_of_13898)-ManagementActions,5884-of-13898,34994338,2490052.16,213,110527,368,155,,,,,,
HalveSediment_20MSolution(3797_of_13898)-ManagementActions,3797-of-13898,35017378,2649521.52,215,111130,367,152,,,,,,
HalveSediment_20MSolution(5030_of_13898)-ManagementActions,5030-of-13898,35177930,2430572.89,213,110800,369,155,,,,,,
HalveSediment_20MSolution(5029_of_13898)-ManagementActions,5029-of-13898,35351200,2447009.97,213,110769,369,155,,,,,,
HalveSediment_20MSolution(12061_of_13898)-ManagementActions,12061-of-13898,35642834,2933237.73,212,110330,363,151,,,,,,
HalveSediment_20MSolution(6018_of_13898)-ManagementActions,6018-of-13898,35953283,2745420.14,212,109585,369,157,,,,,,
HalveSediment_20MSolution(5883_of_13898)-ManagementActions,5883-of-13898,36010060,2608519.8,213,110504,368,155,,,,,,
HalveSediment_20MSolution(8572_of_13898)-ManagementActions,8572-of-13898,36382449,2665886.48,213,110627,368,154,,,,,,
HalveSediment_20MSolution(7164_of_13898)-ManagementActions,7164-of-13898,36459560,2154988.8,214,110903,365,151,,,,,,
HalveSediment_20MSolution(8571_of_13898)-ManagementActions,8571-of-13898,36470164,2676327.83,213,110495,367,154,,,,,,
HalveSediment_20MSolution(13478_of_13898)-ManagementActions,13478-of-13898,36521099,2596238.27,214,110992,365,151,,,,,,
HalveSediment_20MSolution(7957_of_13898)-ManagementActions,7957-of-13898,36848994,2915211.59,215,110851,368,154,,,,,,
HalveSediment_20MSolution(10318_of_13898)-ManagementActions,10318-of-13898,36906165,2766575.21,213,110397,368,155,,,,,,
HalveSediment_20MSolution(8570_of_13898)-ManagementActions,8570-of-13898,37171976,2794604.16,213,110479,367,154,,,,,,
HalveSediment_20MSolution(13121_of_13898)-ManagementActions,13121-of-13898,37221429,2634088.52,212,109587,371,159,,,,,,
HalveSediment_20MSolution(4830_of_13898)-ManagementActions,4830-of-13898,37254885,3697094.3,213,111077,361,148,,,,,,
HalveSediment_20MSolution(12969_of_13898)-ManagementActions,12969-of-13898,37353267,2444500.83,214,110724,369,155,,,,,,
HalveSediment_20MSolution(10317_of_13898)-ManagementActions,10317-of-13898,37400617,2804199.87,212,110142,367,155,,,,,,
HalveSediment_20MSolution(12931_of_13898)-ManagementActions,12931-of-13898,37401123,2926290.29,214,110732,365,151,,,,,,
HalveSediment_20MSolution(7829_of_13898)-ManagementActions,7829-of-13898,37619522,2309900.15,215,110889,370,156,,,,,,
HalveSediment_20MSolution(7828_of_13898)-ManagementActions,7828-of-13898,37660281,2318558.07,215,110889,370,156,,,,,,
HalveSediment_20MSolution(12015_of_13898)-ManagementActions,12015-of-13898,37711008,2706171.96,214,110859,362,148,,,,,,
HalveSediment_20MSolution(10790_of_13898)-ManagementActions,10790-of-13898,37721874,2142872.47,214,110805,370,156,,,,,,
HalveSediment_20MSolution(10316_of_13898)-ManagementActions,10316-of-13898,37756578,2823076.69,212,110135,366,154,,,,,,
HalveSediment_20MSolution(10789_of_13898)-ManagementActions,10789-of-13898,37801846,2159813.74,214,110803,370,156,,,,,,
HalveSediment_20MSolution(10315_of_13898)-ManagementActions,10315-of-13898,37905933,2823076.69,212,110120,366,154,,,,,,
HalveSediment_20MSolution(10314_of_13898)-ManagementActions,10314-of-13898,37940909,2824337.28,212,110120,366,154,,,,,,
HalveSediment_20MSolution(12930_of_13898)-ManagementActions,12930-of-13898,37954734,3004108.42,214,110696,364,150,,,,,,
HalveSediment_20MSolution(13500_of_13898)-ManagementActions,13500-of-13898,38018161,2184932.22,214,110772,370,156,,,,,,
HalveSediment_20MSolution(6260_of_13898)-ManagementActions,6260-of-13898,38020881,2841278.55,212,110119,366,154,,,,,,
HalveSediment_20MSolution(12148_of_13898)-ManagementActions,12148-of-13898,38041421,3184662.89,213,110410,362,149,,,,,,
HalveSediment_20MSolution(6835_of_13898)-ManagementActions,6835-of-13898,38041513,2322095.88,214,110818,370,155,,,,,,
HalveSediment_20MSolution(2374_of_13898)-ManagementActions,2374-of-13898,38080001,3263586.46,212,110203,366,153,,,,,,
HalveSediment_20MSolution(4829_of_13898)-ManagementActions,4829-of-13898,38150125,3742105.52,213,110880,360,147,,,,,,
HalveSediment_20MSolution(10788_of_13898)-ManagementActions,10788-of-13898,38374122,2203809.04,214,110765,370,155,,,,,,
HalveSediment_20MSolution(13870_of_13898)-ManagementActions,13870-of-13898,38375345,2309470.59,214,110687,369,155,,,,,,
HalveSediment_20MSolution(10787_of_13898)-ManagementActions,10787-of-13898,38386378,2205176.59,214,110765,370,155,,,,,,
HalveSediment_20MSolution(11308_of_13898)-ManagementActions,11308-of-13898,38494393,2336963.84,213,110614,368,155,,,,,,
HalveSediment_20MSolution(12622_of_13898)-ManagementActions,12622-of-13898,38513636,3451754.31,212,110224,362,150,,,,,,
HalveSediment_20MSolution(10665_of_13898)-ManagementActions,10665-of-13898,38720737,3668104.85,214,111271,362,148,,,,,,
HalveSediment_20MSolution(7894_of_13898)-ManagementActions,7894-of-13898,38741017,2789035.34,211,109578,368,157,,,,,,
HalveSediment_20MSolution(5154_of_13898)-ManagementActions,5154-of-13898,38758392,2358299.68,214,110788,366,152,,,,,,
HalveSediment_20MSolution(12878_of_13898)-ManagementActions,12878-of-13898,38792473,2666646.61,213,110560,367,154,,,,,,
HalveSediment_20MSolution(13120_of_13898)-ManagementActions,13120-of-13898,38861065,2663481.31,212,109578,371,158,,,,,,
HalveSediment_20MSolution(13869_of_13898)-ManagementActions,13869-of-13898,38869797,2347095.25,214,110432,368,154,,,,,,
HalveSediment_20MSolution(12877_of_13898)-ManagementActions,12877-of-13898,38987152,2688501.39,213,110491,367,154,,,,,,
HalveSediment_20MSolution(7163_of_13898)-ManagementActions,7163-of-13898,39033485,3004108.42,213,110514,364,150,,,,,,
HalveSediment_20MSolution(4828_of_13898)-ManagementActions,4828-of-13898,39047904,3943976.74,212,110546,359,146,,,,,,
HalveSediment_20MSolution(12060_of_13898)-ManagementActions,12060-of-13898,39052917,4150241.5,212,110063,361,150,,,,,,
HalveSediment_20MSolution(12876_of_13898)-ManagementActions,12876-of-13898,39054345,2698306.93,213,110484,367,154,,,,,,
HalveSediment_20MSolution(13868_of_13898)-ManagementActions,13868-of-13898,39062923,2357349.7,213,110224,368,154,,,,,,
HalveSediment_20MSolution(13867_of_13898)-ManagementActions,13867-of-13898,39142895,2374290.97,213,110223,368,154,,,,,,
HalveSediment_20MSolution(11307_of_13898)-ManagementActions,11307-of-13898,39249286,2654654.05,213,110467,367,154,,,,,,
HalveSediment_20MSolution(13044_of_13898)-ManagementActions,13044-of-13898,39285479,2681968.17,214,110748,367,153,,,,,,
HalveSediment_20MSolution(12059_of_13898)-ManagementActions,12059-of-13898,39454380,4221113.09,212,110061,361,149,,,,,,
HalveSediment_20MSolution(1838_of_13898)-ManagementActions,1838-of-13898,39533725,4223408.96,211,109612,360,149,,,,,,
HalveSediment_20MSolution(12875_of_13898)-ManagementActions,12875-of-13898,39593626,3396794.12,213,110322,365,153,,,,,,
HalveSediment_20MSolution(10664_of_13898)-ManagementActions,10664-of-13898,39616620,3731337,214,111260,361,147,,,,,,
HalveSediment_20MSolution(10570_of_13898)-ManagementActions,10570-of-13898,39667260,2880039.47,210,109142,367,156,,,,,,
HalveSediment_20MSolution(13646_of_13898)-ManagementActions,13646-of-13898,39678278,3377176.15,212,109748,367,154,,,,,,
HalveSediment_20MSolution(8448_of_13898)-ManagementActions,8448-of-13898,39701521,2927774.6,213,109782,368,155,,,,,,
HalveSediment_20MSolution(13477_of_13898)-ManagementActions,13477-of-13898,39718047,2689961.7,214,110957,363,149,,,,,,
HalveSediment_20MSolution(8447_of_13898)-ManagementActions,8447-of-13898,39780866,2930070.47,212,109333,367,155,,,,,,
HalveSediment_20MSolution(3244_of_13898)-ManagementActions,3244-of-13898,39839595,2871412.73,212,109943,368,156,,,,,,
HalveSediment_20MSolution(6450_of_13898)-ManagementActions,6450-of-13898,39858958,2477388.49,214,110774,367,152,,,,,,
HalveSediment_20MSolution(12968_of_13898)-ManagementActions,12968-of-13898,40118330,2533790.95,214,110714,367,153,,,,,,
HalveSediment_20MSolution(12014_of_13898)-ManagementActions,12014-of-13898,40136151,2730931.31,214,110782,362,148,,,,,,
HalveSediment_20MSolution(12874_of_13898)-ManagementActions,12874-of-13898,40140682,3396794.12,212,110225,365,153,,,,,,
HalveSediment_20MSolution(8703_of_13898)-ManagementActions,8703-of-13898,40155826,3396794.12,212,110218,365,153,,,,,,
HalveSediment_20MSolution(7838_of_13898)-ManagementActions,7838-of-13898,40208658,3788836.83,213,111054,360,147,,,,,,
HalveSediment_20MSolution(7402_of_13898)-ManagementActions,7402-of-13898,40227594,3390871.02,212,110184,365,153,,,,,,
HalveSediment_20MSolution(11589_of_13898)-ManagementActions,11589-of-13898,40268723,2268584.53,214,110828,369,155,,,,,,
HalveSediment_20MSolution(9573_of_13898)-ManagementActions,9573-of-13898,40270299,3582282.05,213,111091,363,150,,,,,,
HalveSediment_20MSolution(8446_of_13898)-ManagementActions,8446-of-13898,40275318,2967695.13,212,109078,366,155,,,,,,
HalveSediment_20MSolution(7401_of_13898)-ManagementActions,7401-of-13898,40294787,3400676.56,212,110176,365,153,,,,,,
HalveSediment_20MSolution(9572_of_13898)-ManagementActions,9572-of-13898,40318383,3586168.25,213,111091,363,150,,,,,,
HalveSediment_20MSolution(6985_of_13898)-ManagementActions,6985-of-13898,40334961,3163092.16,211,109315,367,156,,,,,,
HalveSediment_20MSolution(5153_of_13898)-ManagementActions,5153-of-13898,40376424,3056786.87,213,110444,365,151,,,,,,
HalveSediment_20MSolution(11012_of_13898)-ManagementActions,11012-of-13898,40417427,2608160.35,213,110272,366,152,,,,,,
HalveSediment_20MSolution(6449_of_13898)-ManagementActions,6449-of-13898,40560770,2595664.82,214,110758,366,152,,,,,,
HalveSediment_20MSolution(7400_of_13898)-ManagementActions,7400-of-13898,40581790,3400676.56,212,110099,365,153,,,,,,
HalveSediment_20MSolution(10919_of_13898)-ManagementActions,10919-of-13898,40591376,2969967.38,212,110175,366,154,,,,,,
HalveSediment_20MSolution(8217_of_13898)-ManagementActions,8217-of-13898,40683438,3521672.93,211,109554,367,156,,,,,,
HalveSediment_20MSolution(5498_of_13898)-ManagementActions,5498-of-13898,40684245,3401617.3,212,109964,365,153,,,,,,
HalveSediment_20MSolution(12068_of_13898)-ManagementActions,12068-of-13898,40779465,3342101.17,214,110775,363,149,,,,,,
HalveSediment_20MSolution(10686_of_13898)-ManagementActions,10686-of-13898,40802406,3921295.53,213,110847,360,147,,,,,,
HalveSediment_20MSolution(11255_of_13898)-ManagementActions,11255-of-13898,40894750,2851563.63,210,108513,364,154,,,,,,
HalveSediment_20MSolution(11254_of_13898)-ManagementActions,11254-of-13898,40929000,2851563.63,210,108511,364,154,,,,,,
HalveSediment_20MSolution(5497_of_13898)-ManagementActions,5497-of-13898,41044627,3485957.88,212,109950,364,152,,,,,,
HalveSediment_20MSolution(11588_of_13898)-ManagementActions,11588-of-13898,41148098,2412854.91,214,110347,368,154,,,,,,
HalveSediment_20MSolution(8384_of_13898)-ManagementActions,8384-of-13898,41255884,3166695.01,214,110637,363,149,,,,,,
HalveSediment_20MSolution(6448_of_13898)-ManagementActions,6448-of-13898,41323964,2648545.72,214,110608,364,150,,,,,,
HalveSediment_20MSolution(10918_of_13898)-ManagementActions,10918-of-13898,41391407,3111941.89,212,110142,366,154,,,,,,
HalveSediment_20MSolution(11587_of_13898)-ManagementActions,11587-of-13898,41396225,2428084.14,214,110342,368,154,,,,,,
HalveSediment_20MSolution(10540_of_13898)-ManagementActions,10540-of-13898,41450051,3024669.18,213,110265,365,152,,,,,,
HalveSediment_20MSolution(10685_of_13898)-ManagementActions,10685-of-13898,41614096,3991518.58,213,110847,359,146,,,,,,
HalveSediment_20MSolution(4005_of_13898)-ManagementActions,4005-of-13898,41629241,3991518.58,213,110839,359,146,,,,,,
HalveSediment_20MSolution(11684_of_13898)-ManagementActions,11684-of-13898,41634455,3608162.55,212,109500,365,154,,,,,,
HalveSediment_20MSolution(6447_of_13898)-ManagementActions,6447-of-13898,41684669,2710759.39,214,110608,364,150,,,,,,
HalveSediment_20MSolution(7956_of_13898)-ManagementActions,7956-of-13898,41724035,3398943.1,213,110389,363,150,,,,,,
HalveSediment_20MSolution(6810_of_13898)-ManagementActions,6810-of-13898,41800033,3736094.33,212,109371,364,152,,,,,,
HalveSediment_20MSolution(9575_of_13898)-ManagementActions,9575-of-13898,41841731,6215084.64,213,110954,360,146,,,,,,
HalveSediment_20MSolution(11683_of_13898)-ManagementActions,11683-of-13898,41915047,3630388.69,211,109112,365,154,,,,,,
HalveSediment_20MSolution(3011_of_13898)-ManagementActions,3011-of-13898,42103912,2573914.25,214,110746,366,151,,,,,,
HalveSediment_20MSolution(8383_of_13898)-ManagementActions,8383-of-13898,42181279,3247453.18,214,110613,362,148,,,,,,
HalveSediment_20MSolution(7042_of_13898)-ManagementActions,7042-of-13898,42256104,2968909.16,213,110251,367,154,,,,,,
HalveSediment_20MSolution(13649_of_13898)-ManagementActions,13649-of-13898,42319095,3589275.56,212,109903,366,154,,,,,,
HalveSediment_20MSolution(11349_of_13898)-ManagementActions,11349-of-13898,42406466,3322754.84,213,110605,363,150,,,,,,
HalveSediment_20MSolution(9994_of_13898)-ManagementActions,9994-of-13898,42451477,3156199.1,213,110418,363,150,,,,,,
HalveSediment_20MSolution(9574_of_13898)-ManagementActions,9574-of-13898,42497039,6219517.95,213,110913,359,146,,,,,,
HalveSediment_20MSolution(5496_of_13898)-ManagementActions,5496-of-13898,42521708,3655036.35,212,109928,364,152,,,,,,
HalveSediment_20MSolution(5256_of_13898)-ManagementActions,5256-of-13898,42604014,3323378.59,210,109412,364,154,,,,,,
HalveSediment_20MSolution(13043_of_13898)-ManagementActions,13043-of-13898,42632558,2795183.05,214,110542,364,150,,,,,,
HalveSediment_20MSolution(10684_of_13898)-ManagementActions,10684-of-13898,42735958,6259879.34,213,110843,359,146,,,,,,
HalveSediment_20MSolution(3243_of_13898)-ManagementActions,3243-of-13898,42748568,3219321.93,211,109798,365,154,,,,,,
HalveSediment_20MSolution(8935_of_13898)-ManagementActions,8935-of-13898,42751102,6259879.34,213,110836,359,146,,,,,,
HalveSediment_20MSolution(7041_of_13898)-ManagementActions,7041-of-13898,42830528,3023475.09,212,109994,366,153,,,,,,
HalveSediment_20MSolution(3721_of_13898)-ManagementActions,3721-of-13898,42844280,2451638.29,214,110745,361,147,,,,,,
HalveSediment_20MSolution(4004_of_13898)-ManagementActions,4004-of-13898,42865568,6264943.54,213,110833,359,146,,,,,,
HalveSediment_20MSolution(11784_of_13898)-ManagementActions,11784-of-13898,42918311,2866661.25,214,111093,365,152,,,,,,
HalveSediment_20MSolution(11620_of_13898)-ManagementActions,11620-of-13898,43031749,3595947.72,212,109762,366,153,,,,,,
HalveSediment_20MSolution(12781_of_13898)-ManagementActions,12781-of-13898,43033073,3291053.71,213,111017,362,149,,,,,,
HalveSediment_20MSolution(3402_of_13898)-ManagementActions,3402-of-13898,43088303,4880368.07,213,110539,360,147,,,,,,
HalveSediment_20MSolution(12780_of_13898)-ManagementActions,12780-of-13898,43113045,3307994.98,213,111015,362,149,,,,,,
HalveSediment_20MSolution(12075_of_13898)-ManagementActions,12075-of-13898,43135209,3085062.14,213,110299,364,151,,,,,,
HalveSediment_20MSolution(5152_of_13898)-ManagementActions,5152-of-13898,43141487,3146076.99,213,110435,362,149,,,,,,
HalveSediment_20MSolution(9031_of_13898)-ManagementActions,9031-of-13898,43166244,3320135.96,213,110972,362,148,,,,,,
HalveSediment_20MSolution(9553_of_13898)-ManagementActions,9553-of-13898,43180622,3491253.92,211,109643,364,153,,,,,,
HalveSediment_20MSolution(11619_of_13898)-ManagementActions,11619-of-13898,43206013,3596888.46,212,109624,365,153,,,,,,
HalveSediment_20MSolution(7040_of_13898)-ManagementActions,7040-of-13898,43211760,3027012.9,212,109923,365,153,,,,,,
HalveSediment_20MSolution(4003_of_13898)-ManagementActions,4003-of-13898,43261501,6300275.56,213,110829,359,146,,,,,,
HalveSediment_20MSolution(3262_of_13898)-ManagementActions,3262-of-13898,43275807,3626094.56,213,110390,363,150,,,,,,
HalveSediment_20MSolution(3242_of_13898)-ManagementActions,3242-of-13898,43277996,3258207.18,211,109542,364,153,,,,,,
HalveSediment_20MSolution(8445_of_13898)-ManagementActions,8445-of-13898,43279840,3137867.44,211,108749,364,153,,,,,,
HalveSediment_20MSolution(12277_of_13898)-ManagementActions,12277-of-13898,43306966,2785252,214,110534,365,152,,,,,,
HalveSediment_20MSolution(11618_of_13898)-ManagementActions,11618-of-13898,43320479,3601952.66,212,109622,365,153,,,,,,
HalveSediment_20MSolution(11783_of_13898)-ManagementActions,11783-of-13898,43350197,2871094.56,214,111067,365,151,,,,,,
HalveSediment_20MSolution(6621_of_13898)-ManagementActions,6621-of-13898,43368536,4265385.29,212,110527,360,148,,,,,,
HalveSediment_20MSolution(2709_of_13898)-ManagementActions,2709-of-13898,43380523,3188543.12,213,110998,362,149,,,,,,
HalveSediment_20MSolution(3720_of_13898)-ManagementActions,3720-of-13898,43383561,3150125.48,214,110584,360,146,,,,,,
HalveSediment_20MSolution(8231_of_13898)-ManagementActions,8231-of-13898,43459907,2872988.56,213,111018,365,151,,,,,,
HalveSediment_20MSolution(3779_of_13898)-ManagementActions,3779-of-13898,43507324,2816083.51,213,111006,365,151,,,,,,
HalveSediment_20MSolution(6842_of_13898)-ManagementActions,6842-of-13898,43532750,3808879.27,211,109274,364,152,,,,,,
HalveSediment_20MSolution(4267_of_13898)-ManagementActions,4267-of-13898,43540841,3517742.91,213,110364,363,150,,,,,,
HalveSediment_20MSolution(12276_of_13898)-ManagementActions,12276-of-13898,43556882,2823570.62,214,110528,365,152,,,,,,
HalveSediment_20MSolution(4002_of_13898)-ManagementActions,4002-of-13898,43558791,6301917.69,213,110758,359,146,,,,,,
HalveSediment_20MSolution(6841_of_13898)-ManagementActions,6841-of-13898,43567522,3808879.27,211,109268,364,152,,,,,,
HalveSediment_20MSolution(9030_of_13898)-ManagementActions,9030-of-13898,43598130,3324569.27,213,110946,362,148,,,,,,
HalveSediment_20MSolution(6563_of_13898)-ManagementActions,6563-of-13898,43639331,3808879.27,211,109265,364,152,,,,,,
HalveSediment_20MSolution(10539_of_13898)-ManagementActions,10539-of-13898,43681824,3069456.11,213,110182,364,151,,,,,,
HalveSediment_20MSolution(9716_of_13898)-ManagementActions,9716-of-13898,43682746,3948174.14,213,110930,359,146,,,,,,
HalveSediment_20MSolution(6840_of_13898)-ManagementActions,6840-of-13898,43687415,3812765.47,211,109265,364,152,,,,,,
HalveSediment_20MSolution(9552_of_13898)-ManagementActions,9552-of-13898,43688811,3562948.15,211,109633,363,152,,,,,,
HalveSediment_20MSolution(12389_of_13898)-ManagementActions,12389-of-13898,43693815,3360961.56,214,111325,362,148,,,,,,
HalveSediment_20MSolution(11646_of_13898)-ManagementActions,11646-of-13898,43780996,4645479.78,213,110957,358,146,,,,,,
HalveSediment_20MSolution(9201_of_13898)-ManagementActions,9201-of-13898,43831585,3848147.71,214,111070,360,147,,,,,,
HalveSediment_20MSolution(3172_of_13898)-ManagementActions,3172-of-13898,43846257,3339798.5,213,110941,362,148,,,,,,
HalveSediment_20MSolution(12074_of_13898)-ManagementActions,12074-of-13898,43862089,3179317.35,213,110233,364,151,,,,,,
HalveSediment_20MSolution(8230_of_13898)-ManagementActions,8230-of-13898,43878011,2913958.17,213,110843,364,151,,,,,,
HalveSediment_20MSolution(3778_of_13898)-ManagementActions,3778-of-13898,43925428,2857053.12,213,110832,364,151,,,,,,
HalveSediment_20MSolution(5860_of_13898)-ManagementActions,5860-of-13898,43926937,2495263.82,214,110702,368,154,,,,,,
HalveSediment_20MSolution(9012_of_13898)-ManagementActions,9012-of-13898,43930747,3284052.55,213,110838,362,148,,,,,,
HalveSediment_20MSolution(12013_of_13898)-ManagementActions,12013-of-13898,43959611,2850597.74,214,110714,361,147,,,,,,
HalveSediment_20MSolution(3369_of_13898)-ManagementActions,3369-of-13898,44006281,2497559.69,213,110253,367,153,,,,,,
HalveSediment_20MSolution(8444_of_13898)-ManagementActions,8444-of-13898,44007047,3160392.42,211,108740,364,153,,,,,,
HalveSediment_20MSolution(3241_of_13898)-ManagementActions,3241-of-13898,44033698,3612518.04,211,109542,364,153,,,,,,
HalveSediment_20MSolution(12779_of_13898)-ManagementActions,12779-of-13898,44039383,3350052.95,213,110734,361,148,,,,,,
HalveSediment_20MSolution(13201_of_13898)-ManagementActions,13201-of-13898,44076142,3175458.25,211,109288,363,152,,,,,,
HalveSediment_20MSolution(8512_of_13898)-ManagementActions,8512-of-13898,44099301,3078587.53,213,110424,364,151,,,,,,
HalveSediment_20MSolution(3426_of_13898)-ManagementActions,3426-of-13898,44109812,2735518.74,214,110531,364,150,,,,,,
HalveSediment_20MSolution(8382_of_13898)-ManagementActions,8382-of-13898,44226877,3257377.86,213,110390,361,148,,,,,,
HalveSediment_20MSolution(5039_of_13898)-ManagementActions,5039-of-13898,44242653,3636019.24,213,110349,363,150,,,,,,
HalveSediment_20MSolution(12073_of_13898)-ManagementActions,12073-of-13898,44243986,3182948.3,212,110161,363,151,,,,,,
HalveSediment_20MSolution(12967_of_13898)-ManagementActions,12967-of-13898,44257670,2677967.89,214,110498,364,150,,,,,,
HalveSediment_20MSolution(3777_of_13898)-ManagementActions,3777-of-13898,44285810,2941393.7,213,110818,363,150,,,,,,
HalveSediment_20MSolution(6850_of_13898)-ManagementActions,6850-of-13898,44318504,3557000.69,212,110482,362,150,,,,,,
HalveSediment_20MSolution(4827_of_13898)-ManagementActions,4827-of-13898,44375804,6440653.74,212,110451,357,144,,,,,,
HalveSediment_20MSolution(10123_of_13898)-ManagementActions,10123-of-13898,44389918,4162627.35,210,109233,363,153,,,,,,
HalveSediment_20MSolution(7305_of_13898)-ManagementActions,7305-of-13898,44432929,3542728.38,214,110388,363,149,,,,,,
HalveSediment_20MSolution(12765_of_13898)-ManagementActions,12765-of-13898,44441552,3055476.98,212,109387,366,154,,,,,,
HalveSediment_20MSolution(7304_of_13898)-ManagementActions,7304-of-13898,44467905,3543988.97,214,110388,363,149,,,,,,
HalveSediment_20MSolution(9200_of_13898)-ManagementActions,9200-of-13898,44479533,4491046.43,213,111005,359,145,,,,,,
HalveSediment_20MSolution(4001_of_13898)-ManagementActions,4001-of-13898,44490270,6445717.94,212,110448,357,144,,,,,,
HalveSediment_20MSolution(10122_of_13898)-ManagementActions,10122-of-13898,44505022,4162627.35,210,109221,363,153,,,,,,
HalveSediment_20MSolution(10538_of_13898)-ManagementActions,10538-of-13898,44511409,3203415.3,212,110148,362,150,,,,,,
HalveSediment_20MSolution(9571_of_13898)-ManagementActions,9571-of-13898,44518017,4456041.14,212,110459,360,148,,,,,,
HalveSediment_20MSolution(12764_of_13898)-ManagementActions,12764-of-13898,44556656,3055476.98,212,109375,366,154,,,,,,
HalveSediment_20MSolution(11734_of_13898)-ManagementActions,11734-of-13898,44574604,3558532.32,212,110536,362,150,,,,,,
HalveSediment_20MSolution(7303_of_13898)-ManagementActions,7303-of-13898,44583009,3543988.97,213,110375,363,149,,,,,,
HalveSediment_20MSolution(3796_of_13898)-ManagementActions,3796-of-13898,44628326,2928415.87,214,110666,361,147,,,,,,
HalveSediment_20MSolution(11733_of_13898)-ManagementActions,11733-of-13898,44641798,3568337.86,212,110535,362,150,,,,,,
HalveSediment_20MSolution(13866_of_13898)-ManagementActions,13866-of-13898,44665949,2519412.76,213,110213,363,150,,,,,,
HalveSediment_20MSolution(6470_of_13898)-ManagementActions,6470-of-13898,44670430,4059667.92,212,110052,363,151,,,,,,
HalveSediment_20MSolution(4340_of_13898)-ManagementActions,4340-of-13898,44674465,3575877.51,212,110475,362,150,,,,,,
HalveSediment_20MSolution(8443_of_13898)-ManagementActions,8443-of-13898,44682526,3202831.97,211,108722,363,152,,,,,,
HalveSediment_20MSolution(8630_of_13898)-ManagementActions,8630-of-13898,44708716,3575877.51,212,110473,362,150,,,,,,
HalveSediment_20MSolution(6562_of_13898)-ManagementActions,6562-of-13898,44753219,3935967.13,211,109213,363,152,,,,,,
HalveSediment_20MSolution(12388_of_13898)-ManagementActions,12388-of-13898,44762967,3440630.79,214,111282,360,147,,,,,,
HalveSediment_20MSolution(8371_of_13898)-ManagementActions,8371-of-13898,44792363,2547002.03,214,110558,362,149,,,,,,
HalveSediment_20MSolution(8511_of_13898)-ManagementActions,8511-of-13898,44800989,3099847.79,213,110140,363,151,,,,,,
HalveSediment_20MSolution(4339_of_13898)-ManagementActions,4339-of-13898,44861035,3596344.51,212,110472,361,149,,,,,,
HalveSediment_20MSolution(10191_of_13898)-ManagementActions,10191-of-13898,44864740,3531754.67,213,110962,361,148,,,,,,
HalveSediment_20MSolution(11682_of_13898)-ManagementActions,11682-of-13898,44881103,3978297.89,210,108961,362,152,,,,,,
HalveSediment_20MSolution(11732_of_13898)-ManagementActions,11732-of-13898,44924777,3586668.94,212,110454,361,149,,,,,,
HalveSediment_20MSolution(5495_of_13898)-ManagementActions,5495-of-13898,44939614,3927835.4,212,109829,362,150,,,,,,
HalveSediment_20MSolution(5255_of_13898)-ManagementActions,5255-of-13898,44980221,3658310.83,210,109114,363,153,,,,,,
HalveSediment_20MSolution(11253_of_13898)-ManagementActions,11253-of-13898,44993678,3202385.52,210,108466,364,154,,,,,,
HalveSediment_20MSolution(11862_of_13898)-ManagementActions,11862-of-13898,45019223,3374017.86,214,110915,360,147,,,,,,
HalveSediment_20MSolution(12067_of_13898)-ManagementActions,12067-of-13898,45045807,3402342.67,214,110567,360,146,,,,,,
HalveSediment_20MSolution(11645_of_13898)-ManagementActions,11645-of-13898,45071803,4809494.05,213,110940,358,146,,,,,,
HalveSediment_20MSolution(11861_of_13898)-ManagementActions,11861-of-13898,45090726,3374751.85,214,110905,360,147,,,,,,
HalveSediment_20MSolution(11252_of_13898)-ManagementActions,11252-of-13898,45110573,3238922.84,209,108227,363,154,,,,,,
HalveSediment_20MSolution(9873_of_13898)-ManagementActions,9873-of-13898,45147321,4532000.13,213,110765,358,145,,,,,,
HalveSediment_20MSolution(3240_of_13898)-ManagementActions,3240-of-13898,45153490,3674747.91,210,109083,362,152,,,,,,
HalveSediment_20MSolution(9993_of_13898)-ManagementActions,9993-of-13898,45216539,3245489.22,213,110409,361,148,,,,,,
HalveSediment_20MSolution(3425_of_13898)-ManagementActions,3425-of-13898,45234647,2892951.99,214,110485,363,149,,,,,,
HalveSediment_20MSolution(4056_of_13898)-ManagementActions,4056-of-13898,45258488,3586428.52,213,110357,362,148,,,,,,
HalveSediment_20MSolution(4338_of_13898)-ManagementActions,4338-of-13898,45280738,3605545.76,212,110447,361,149,,,,,,
HalveSediment_20MSolution(11681_of_13898)-ManagementActions,11681-of-13898,45300806,3987499.14,210,108930,361,151,,,,,,
HalveSediment_20MSolution(12966_of_13898)-ManagementActions,12966-of-13898,45305828,2835171.63,214,110461,363,150,,,,,,
HalveSediment_20MSolution(8370_of_13898)-ManagementActions,8370-of-13898,45331643,3245489.22,213,110397,361,148,,,,,,
HalveSediment_20MSolution(11011_of_13898)-ManagementActions,11011-of-13898,45380679,3039717.3,213,110173,365,152,,,,,,
HalveSediment_20MSolution(9361_of_13898)-ManagementActions,9361-of-13898,45434496,3726292.72,211,109529,363,152,,,,,,
HalveSediment_20MSolution(12387_of_13898)-ManagementActions,12387-of-13898,45438446,3483070.34,214,111264,360,146,,,,,,
HalveSediment_20MSolution(8510_of_13898)-ManagementActions,8510-of-13898,45478255,3213339.98,212,110107,362,150,,,,,,
HalveSediment_20MSolution(9093_of_13898)-ManagementActions,9093-of-13898,45513324,4089562.26,212,110362,362,150,,,,,,
HalveSediment_20MSolution(11860_of_13898)-ManagementActions,11860-of-13898,45522612,3379185.16,214,110880,360,147,,,,,,
HalveSediment_20MSolution(9199_of_13898)-ManagementActions,9199-of-13898,45546642,4527715.14,213,110845,358,145,,,,,,
HalveSediment_20MSolution(12275_of_13898)-ManagementActions,12275-of-13898,45566815,2952624.88,213,110295,365,151,,,,,,
HalveSediment_20MSolution(3776_of_13898)-ManagementActions,3776-of-13898,45576617,3105407.97,213,110801,363,150,,,,,,
HalveSediment_20MSolution(12155_of_13898)-ManagementActions,12155-of-13898,45578765,3329432.59,214,110873,361,147,,,,,,
HalveSediment_20MSolution(8232_of_13898)-ManagementActions,8232-of-13898,45588208,4081635.51,213,111188,359,146,,,,,,
HalveSediment_20MSolution(6259_of_13898)-ManagementActions,6259-of-13898,45599875,2985974.65,212,109843,365,153,,,,,,
HalveSediment_20MSolution(3401_of_13898)-ManagementActions,3401-of-13898,45628864,4989523.9,213,110527,360,147,,,,,,
HalveSediment_20MSolution(3775_of_13898)-ManagementActions,3775-of-13898,45643810,3115213.51,213,110794,363,150,,,,,,
HalveSediment_20MSolution(5448_of_13898)-ManagementActions,5448-of-13898,45666533,2897385.3,214,110460,363,149,,,,,,
HalveSediment_20MSolution(12718_of_13898)-ManagementActions,12718-of-13898,45685064,4593692.24,210,109626,356,146,,,,,,
HalveSediment_20MSolution(11586_of_13898)-ManagementActions,11586-of-13898,45686994,2496910.88,214,110307,368,154,,,,,,
HalveSediment_20MSolution(4337_of_13898)-ManagementActions,4337-of-13898,45688537,3632981.29,212,110423,360,148,,,,,,
HalveSediment_20MSolution(6809_of_13898)-ManagementActions,6809-of-13898,45691329,3908203.86,212,109354,364,152,,,,,,
HalveSediment_20MSolution(10060_of_13898)-ManagementActions,10060-of-13898,45693922,3240966.57,212,110038,364,152,,,,,,
HalveSediment_20MSolution(9092_of_13898)-ManagementActions,9092-of-13898,45708004,4111417.04,212,110294,362,150,,,,,,
HalveSediment_20MSolution(4514_of_13898)-ManagementActions,4514-of-13898,45739644,4069809.91,212,109796,362,150,,,,,,
HalveSediment_20MSolution(6013_of_13898)-ManagementActions,6013-of-13898,45765271,3358530.83,214,111031,360,146,,,,,,
HalveSediment_20MSolution(6808_of_13898)-ManagementActions,6808-of-13898,45812509,3913575.54,212,109350,364,152,,,,,,
HalveSediment_20MSolution(12154_of_13898)-ManagementActions,12154-of-13898,45826892,3344661.82,214,110868,361,147,,,,,,
HalveSediment_20MSolution(3518_of_13898)-ManagementActions,3518-of-13898,45868187,3385252.02,213,110369,362,148,,,,,,
HalveSediment_20MSolution(4324_of_13898)-ManagementActions,4324-of-13898,45868525,3327950.01,213,110837,360,147,,,,,,
HalveSediment_20MSolution(6142_of_13898)-ManagementActions,6142-of-13898,45874539,4058036.18,213,111320,358,145,,,,,,
HalveSediment_20MSolution(4026_of_13898)-ManagementActions,4026-of-13898,45905888,3101739.12,213,110784,363,150,,,,,,
HalveSediment_20MSolution(10121_of_13898)-ManagementActions,10121-of-13898,45938660,4258743.04,210,109029,362,152,,,,,,
HalveSediment_20MSolution(4025_of_13898)-ManagementActions,4025-of-13898,45940139,3101739.12,213,110782,363,150,,,,,,
HalveSediment_20MSolution(9011_of_13898)-ManagementActions,9011-of-13898,45958397,3368785.28,213,110823,359,146,,,,,,
HalveSediment_20MSolution(9872_of_13898)-ManagementActions,9872-of-13898,45959091,4535963.13,213,110729,357,144,,,,,,
HalveSediment_20MSolution(3795_of_13898)-ManagementActions,3795-of-13898,45987046,3104761.49,213,110411,359,146,,,,,,
HalveSediment_20MSolution(5468_of_13898)-ManagementActions,5468-of-13898,46062396,5050591.7,212,110885,358,146,,,,,,
HalveSediment_20MSolution(7479_of_13898)-ManagementActions,7479-of-13898,46086232,4336752.9,211,109564,361,150,,,,,,
HalveSediment_20MSolution(12386_of_13898)-ManagementActions,12386-of-13898,46086394,4125969.06,213,111198,358,145,,,,,,
HalveSediment_20MSolution(12066_of_13898)-ManagementActions,12066-of-13898,46100368,3422708.7,213,110394,359,146,,,,,,
HalveSediment_20MSolution(9360_of_13898)-ManagementActions,9360-of-13898,46109974,3768732.27,211,109511,362,151,,,,,,
HalveSediment_20MSolution(4336_of_13898)-ManagementActions,4336-of-13898,46110838,3670983.54,212,110356,360,148,,,,,,
HalveSediment_20MSolution(9359_of_13898)-ManagementActions,9359-of-13898,46112260,3768755.75,211,109510,362,151,,,,,,
HalveSediment_20MSolution(4622_of_13898)-ManagementActions,4622-of-13898,46118104,3423570.64,213,110364,361,148,,,,,,
HalveSediment_20MSolution(10099_of_13898)-ManagementActions,10099-of-13898,46131030,3070102.25,211,109473,363,152,,,,,,
HalveSediment_20MSolution(11426_of_13898)-ManagementActions,11426-of-13898,46196242,4080265.17,212,111122,357,144,,,,,,
HalveSediment_20MSolution(12255_of_13898)-ManagementActions,12255-of-13898,46213963,3300269.59,213,110771,361,149,,,,,,
HalveSediment_20MSolution(4049_of_13898)-ManagementActions,4049-of-13898,46244395,3918008.85,212,109340,364,152,,,,,,
HalveSediment_20MSolution(4024_of_13898)-ManagementActions,4024-of-13898,46296100,3120615.94,213,110775,363,150,,,,,,
HalveSediment_20MSolution(12824_of_13898)-ManagementActions,12824-of-13898,46310462,5275409.77,213,110780,353,141,,,,,,
HalveSediment_20MSolution(10059_of_13898)-ManagementActions,10059-of-13898,46369401,3283406.12,212,110020,363,151,,,,,,
HalveSediment_20MSolution(12385_of_13898)-ManagementActions,12385-of-13898,46373397,4125969.06,213,111121,358,145,,,,,,
HalveSediment_20MSolution(3424_of_13898)-ManagementActions,3424-of-13898,46400889,3612813.76,213,110284,362,148,,,,,,
HalveSediment_20MSolution(3390_of_13898)-ManagementActions,3390-of-13898,46448456,3391897.04,213,110350,361,148,,,,,,
HalveSediment_20MSolution(9481_of_13898)-ManagementActions,9481-of-13898,46471605,4101376.72,213,111115,358,145,,,,,,
HalveSediment_20MSolution(11680_of_13898)-ManagementActions,11680-of-13898,46473445,4112715.24,210,108759,360,151,,,,,,
HalveSediment_20MSolution(10612_of_13898)-ManagementActions,10612-of-13898,46487606,4676685.8,211,109554,361,149,,,,,,
HalveSediment_20MSolution(7478_of_13898)-ManagementActions,7478-of-13898,46505936,4345954.15,211,109539,361,150,,,,,,
HalveSediment_20MSolution(6650_of_13898)-ManagementActions,6650-of-13898,46546202,4174148.5,212,111176,357,145,,,,,,
HalveSediment_20MSolution(4621_of_13898)-ManagementActions,4621-of-13898,46549990,3428003.95,213,110338,361,148,,,,,,
HalveSediment_20MSolution(3546_of_13898)-ManagementActions,3546-of-13898,46552087,3392178.41,213,110764,358,145,,,,,,
HalveSediment_20MSolution(9509_of_13898)-ManagementActions,9509-of-13898,46553723,3441803.62,212,110369,361,149,,,,,,
HalveSediment_20MSolution(8369_of_13898)-ManagementActions,8369-of-13898,46563560,3391897.04,213,110338,361,148,,,,,,
HalveSediment_20MSolution(9480_of_13898)-ManagementActions,9480-of-13898,46574060,4102317.46,213,110980,358,145,,,,,,
HalveSediment_20MSolution(12717_of_13898)-ManagementActions,12717-of-13898,46587549,4736607.49,210,109459,356,146,,,,,,
HalveSediment_20MSolution(3545_of_13898)-ManagementActions,3545-of-13898,46623590,3392912.4,213,110754,358,145,,,,,,
HalveSediment_20MSolution(12716_of_13898)-ManagementActions,12716-of-13898,46635633,4740493.69,210,109459,356,146,,,,,,
HalveSediment_20MSolution(9091_of_13898)-ManagementActions,9091-of-13898,46644930,4198137.1,211,109524,360,149,,,,,,
HalveSediment_20MSolution(5874_of_13898)-ManagementActions,5874-of-13898,46650190,4060581.54,213,111167,358,145,,,,,,
HalveSediment_20MSolution(6649_of_13898)-ManagementActions,6649-of-13898,46663943,4174148.5,212,111172,357,145,,,,,,
HalveSediment_20MSolution(3719_of_13898)-ManagementActions,3719-of-13898,46688858,3223037.82,213,110396,359,146,,,,,,
HalveSediment_20MSolution(3544_of_13898)-ManagementActions,3544-of-13898,46738694,3392912.4,213,110742,358,145,,,,,,
HalveSediment_20MSolution(12065_of_13898)-ManagementActions,12065-of-13898,46748232,6295597.1,213,111121,358,145,,,,,,
HalveSediment_20MSolution(2179_of_13898)-ManagementActions,2179-of-13898,46828024,3443335.6,213,110731,359,146,,,,,,
HalveSediment_20MSolution(12743_of_13898)-ManagementActions,12743-of-13898,46840816,6403259.11,212,110863,357,145,,,,,,
HalveSediment_20MSolution(4513_of_13898)-ManagementActions,4513-of-13898,46853294,4188407.32,211,109753,361,150,,,,,,
HalveSediment_20MSolution(11348_of_13898)-ManagementActions,11348-of-13898,46858747,3410458.4,213,110577,362,149,,,,,,
HalveSediment_20MSolution(13200_of_13898)-ManagementActions,13200-of-13898,46892875,3401688.4,211,109239,363,152,,,,,,
HalveSediment_20MSolution(3100_of_13898)-ManagementActions,3100-of-13898,46944960,3766892.08,212,109673,363,151,,,,,,
HalveSediment_20MSolution(11562_of_13898)-ManagementActions,11562-of-13898,46951170,3762137.17,212,110457,360,148,,,,,,
HalveSediment_20MSolution(5220_of_13898)-ManagementActions,5220-of-13898,47063540,4146774.29,213,111104,357,144,,,,,,
HalveSediment_20MSolution(4335_of_13898)-ManagementActions,4335-of-13898,47065439,3862340,212,110338,359,147,,,,,,
HalveSediment_20MSolution(11561_of_13898)-ManagementActions,11561-of-13898,47065635,3767201.37,212,110454,360,147,,,,,,
HalveSediment_20MSolution(4323_of_13898)-ManagementActions,4323-of-13898,47159332,3491964.28,213,110833,359,147,,,,,,
HalveSediment_20MSolution(12254_of_13898)-ManagementActions,12254-of-13898,47168564,3491626.05,213,110753,360,147,,,,,,
HalveSediment_20MSolution(9479_of_13898)-ManagementActions,9479-of-13898,47230074,4111494.51,213,110830,358,145,,,,,,
HalveSediment_20MSolution(12064_of_13898)-ManagementActions,12064-of-13898,47261054,6341274.6,212,111081,357,144,,,,,,
HalveSediment_20MSolution(12063_of_13898)-ManagementActions,12063-of-13898,47279613,6341717.63,212,111079,357,144,,,,,,
HalveSediment_20MSolution(11800_of_13898)-ManagementActions,11800-of-13898,47299397,4133936.06,212,111177,356,144,,,,,,
HalveSediment_20MSolution(6141_of_13898)-ManagementActions,6141-of-13898,47321617,4140146.52,212,111212,356,144,,,,,,
HalveSediment_20MSolution(7837_of_13898)-ManagementActions,7837-of-13898,47355239,4800611.8,213,110764,356,144,,,,,,
HalveSediment_20MSolution(11004_of_13898)-ManagementActions,11004-of-13898,47356380,3313536.37,214,111120,359,145,,,,,,
HalveSediment_20MSolution(11358_of_13898)-ManagementActions,11358-of-13898,47365204,3323975.61,214,111100,359,145,,,,,,
HalveSediment_20MSolution(2125_of_13898)-ManagementActions,2125-of-13898,47390186,3556827.79,213,110710,358,145,,,,,,
HalveSediment_20MSolution(12062_of_13898)-ManagementActions,12062-of-13898,47394078,6346781.83,212,111076,357,144,,,,,,
HalveSediment_20MSolution(11662_of_13898)-ManagementActions,11662-of-13898,47397689,4344852.95,211,109492,360,149,,,,,,
HalveSediment_20MSolution(2245_of_13898)-ManagementActions,2245-of-13898,47426037,4336115.14,213,110944,357,144,,,,,,
HalveSediment_20MSolution(11560_of_13898)-ManagementActions,11560-of-13898,47426140,3797412.26,212,110451,359,147,,,,,,
HalveSediment_20MSolution(11425_of_13898)-ManagementActions,11425-of-13898,47442976,4104652.02,212,111106,356,144,,,,,,
HalveSediment_20MSolution(9411_of_13898)-ManagementActions,9411-of-13898,47460186,3206725.6,213,110190,362,149,,,,,,
HalveSediment_20MSolution(7601_of_13898)-ManagementActions,7601-of-13898,47472306,3307325.02,213,110132,361,149,,,,,,
HalveSediment_20MSolution(7126_of_13898)-ManagementActions,7126-of-13898,47494026,4050055.37,213,111026,359,146,,,,,,
HalveSediment_20MSolution(10058_of_13898)-ManagementActions,10058-of-13898,47494236,3440839.37,212,109974,363,150,,,,,,
HalveSediment_20MSolution(11661_of_13898)-ManagementActions,11661-of-13898,47512154,4349917.15,211,109489,360,149,,,,,,
HalveSediment_20MSolution(12274_of_13898)-ManagementActions,12274-of-13898,47549703,3008254.72,212,109676,363,150,,,,,,
HalveSediment_20MSolution(8095_of_13898)-ManagementActions,8095-of-13898,47613534,3551532.96,213,110563,361,149,,,,,,
HalveSediment_20MSolution(8094_of_13898)-ManagementActions,8094-of-13898,47614199,3551626.1,213,110562,361,149,,,,,,
HalveSediment_20MSolution(7125_of_13898)-ManagementActions,7125-of-13898,47667295,4066492.45,213,110995,359,146,,,,,,
HalveSediment_20MSolution(4322_of_13898)-ManagementActions,4322-of-13898,47706388,3491964.28,212,110736,359,147,,,,,,
HalveSediment_20MSolution(11357_of_13898)-ManagementActions,11357-of-13898,47721165,3342852.43,214,111094,359,145,,,,,,
HalveSediment_20MSolution(2783_of_13898)-ManagementActions,2783-of-13898,47731562,4239743.36,213,111065,357,144,,,,,,
HalveSediment_20MSolution(9551_of_13898)-ManagementActions,9551-of-13898,47788833,3897472.52,210,109223,361,151,,,,,,
HalveSediment_20MSolution(11043_of_13898)-ManagementActions,11043-of-13898,47793927,2690747.71,213,110062,367,154,,,,,,
HalveSediment_20MSolution(9550_of_13898)-ManagementActions,9550-of-13898,47817080,3897472.52,210,109222,361,151,,,,,,
HalveSediment_20MSolution(5873_of_13898)-ManagementActions,5873-of-13898,47838909,4139984.04,212,111101,356,144,,,,,,
HalveSediment_20MSolution(13132_of_13898)-ManagementActions,13132-of-13898,47880298,4609786.94,213,110737,357,144,,,,,,
HalveSediment_20MSolution(10057_of_13898)-ManagementActions,10057-of-13898,47912339,3481808.98,212,109800,362,150,,,,,,
HalveSediment_20MSolution(11356_of_13898)-ManagementActions,11356-of-13898,47914291,3353106.88,214,110886,358,144,,,,,,
HalveSediment_20MSolution(11355_of_13898)-ManagementActions,11355-of-13898,47985795,3353840.87,214,110877,358,144,,,,,,
HalveSediment_20MSolution(9410_of_13898)-ManagementActions,9410-of-13898,48022348,3320217.79,213,110169,361,149,,,,,,
HalveSediment_20MSolution(10973_of_13898)-ManagementActions,10973-of-13898,48038138,6397343.08,212,111067,356,144,,,,,,
HalveSediment_20MSolution(10972_of_13898)-ManagementActions,10972-of-13898,48069847,6397343.08,212,111064,356,144,,,,,,
HalveSediment_20MSolution(2244_of_13898)-ManagementActions,2244-of-13898,48073985,4979013.86,212,110878,355,143,,,,,,
HalveSediment_20MSolution(9871_of_13898)-ManagementActions,9871-of-13898,48103719,4609786.94,213,110722,357,144,,,,,,
HalveSediment_20MSolution(11799_of_13898)-ManagementActions,11799-of-13898,48111088,4204159.11,212,111176,355,143,,,,,,
HalveSediment_20MSolution(6071_of_13898)-ManagementActions,6071-of-13898,48135846,4168561.04,213,110764,359,146,,,,,,
HalveSediment_20MSolution(13865_of_13898)-ManagementActions,13865-of-13898,48136384,3095525.49,213,110173,363,149,,,,,,
HalveSediment_20MSolution(11003_of_13898)-ManagementActions,11003-of-13898,48168150,3317499.37,214,111084,358,144,,,,,,
HalveSediment_20MSolution(12685_of_13898)-ManagementActions,12685-of-13898,48168289,3277457.25,214,111109,359,145,,,,,,
HalveSediment_20MSolution(7176_of_13898)-ManagementActions,7176-of-13898,48171930,3352049.96,214,110997,358,144,,,,,,
HalveSediment_20MSolution(12684_of_13898)-ManagementActions,12684-of-13898,48202539,3277457.25,214,111107,359,145,,,,,,
HalveSediment_20MSolution(7778_of_13898)-ManagementActions,7778-of-13898,48213429,4611680.94,213,110672,357,144,,,,,,
HalveSediment_20MSolution(3239_of_13898)-ManagementActions,3239-of-13898,48217244,4020181.52,210,109064,362,152,,,,,,
HalveSediment_20MSolution(6648_of_13898)-ManagementActions,6648-of-13898,48228829,4204159.11,212,111172,355,143,,,,,,
HalveSediment_20MSolution(8509_of_13898)-ManagementActions,8509-of-13898,48243318,3302630.1,212,110098,360,148,,,,,,
HalveSediment_20MSolution(1500_of_13898)-ManagementActions,1500-of-13898,48245492,4020181.52,210,109062,362,152,,,,,,
HalveSediment_20MSolution(11859_of_13898)-ManagementActions,11859-of-13898,48287675,3468475.28,214,110870,358,145,,,,,,
HalveSediment_20MSolution(6763_of_13898)-ManagementActions,6763-of-13898,48305441,4578717.64,212,110388,358,147,,,,,,
HalveSediment_20MSolution(10669_of_13898)-ManagementActions,10669-of-13898,48332559,3441384.54,214,111076,358,144,,,,,,
HalveSediment_20MSolution(10848_of_13898)-ManagementActions,10848-of-13898,48350355,4052385.45,211,109528,362,151,,,,,,
HalveSediment_20MSolution(5219_of_13898)-ManagementActions,5219-of-13898,48354348,4310788.56,213,111100,356,143,,,,,,
HalveSediment_20MSolution(11306_of_13898)-ManagementActions,11306-of-13898,48397641,4063846.03,212,109893,361,149,,,,,,
HalveSediment_20MSolution(3368_of_13898)-ManagementActions,3368-of-13898,48430644,2681568.89,213,110196,364,150,,,,,,
HalveSediment_20MSolution(2782_of_13898)-ManagementActions,2782-of-13898,48435118,4330366.94,213,110992,356,144,,,,,,
HalveSediment_20MSolution(11010_of_13898)-ManagementActions,11010-of-13898,48439671,3135500.59,213,110112,362,149,,,,,,
HalveSediment_20MSolution(5601_of_13898)-ManagementActions,5601-of-13898,48445700,4100612.35,213,110906,358,146,,,,,,
HalveSediment_20MSolution(13784_of_13898)-ManagementActions,13784-of-13898,48455283,3647980.38,212,110570,359,147,,,,,,
HalveSediment_20MSolution(5218_of_13898)-ManagementActions,5218-of-13898,48496218,4310788.56,213,111071,356,143,,,,,,
HalveSediment_20MSolution(7836_of_13898)-ManagementActions,7836-of-13898,48505145,4885577.03,213,110747,356,144,,,,,,
HalveSediment_20MSolution(3849_of_13898)-ManagementActions,3849-of-13898,48520347,4784715.8,211,110347,357,145,,,,,,
HalveSediment_20MSolution(6583_of_13898)-ManagementActions,6583-of-13898,48520931,3950555.31,213,110535,360,147,,,,,,
HalveSediment_20MSolution(6144_of_13898)-ManagementActions,6144-of-13898,48545748,2681568.89,213,110184,364,150,,,,,,
HalveSediment_20MSolution(4366_of_13898)-ManagementActions,4366-of-13898,48554481,3431454.08,213,110357,360,146,,,,,,
HalveSediment_20MSolution(12683_of_13898)-ManagementActions,12683-of-13898,48571719,3304162.76,214,111016,358,145,,,,,,
HalveSediment_20MSolution(12153_of_13898)-ManagementActions,12153-of-13898,48591955,3433951.94,214,110858,359,145,,,,,,
HalveSediment_20MSolution(4365_of_13898)-ManagementActions,4365-of-13898,48595240,3440112,213,110356,360,146,,,,,,
HalveSediment_20MSolution(2243_of_13898)-ManagementActions,2243-of-13898,48602404,4983837.04,212,110625,355,143,,,,,,
HalveSediment_20MSolution(5600_of_13898)-ManagementActions,5600-of-13898,48688452,4136972.47,213,110905,358,146,,,,,,
HalveSediment_20MSolution(6012_of_13898)-ManagementActions,6012-of-13898,48827010,3479009.2,213,110820,357,144,,,,,,
HalveSediment_20MSolution(11457_of_13898)-ManagementActions,11457-of-13898,48853056,4464553.39,213,110004,361,148,,,,,,
HalveSediment_20MSolution(13783_of_13898)-ManagementActions,13783-of-13898,48863082,3675415.91,212,110545,358,146,,,,,,
HalveSediment_20MSolution(2781_of_13898)-ManagementActions,2781-of-13898,48867004,4334800.25,213,110966,356,144,,,,,,
HalveSediment_20MSolution(5872_of_13898)-ManagementActions,5872-of-13898,48884842,4213336.16,212,111021,355,143,,,,,,
HalveSediment_20MSolution(8890_of_13898)-ManagementActions,8890-of-13898,48894325,4325062.96,212,110363,357,146,,,,,,
HalveSediment_20MSolution(4512_of_13898)-ManagementActions,4512-of-13898,48907719,4515553.69,210,109324,358,148,,,,,,
HalveSediment_20MSolution(9409_of_13898)-ManagementActions,9409-of-13898,48910838,3436825.45,212,110094,360,148,,,,,,
HalveSediment_20MSolution(11594_of_13898)-ManagementActions,11594-of-13898,48947916,3452828.76,214,110852,358,144,,,,,,
HalveSediment_20MSolution(12841_of_13898)-ManagementActions,12841-of-13898,48953077,6672785.41,213,110790,355,143,,,,,,
HalveSediment_20MSolution(11593_of_13898)-ManagementActions,11593-of-13898,48960172,3454196.31,214,110852,358,144,,,,,,
HalveSediment_20MSolution(3409_of_13898)-ManagementActions,3409-of-13898,48994422,3454196.31,214,110849,358,144,,,,,,
HalveSediment_20MSolution(12742_of_13898)-ManagementActions,12742-of-13898,49024078,6548321.69,211,110457,355,144,,,,,,
HalveSediment_20MSolution(10555_of_13898)-ManagementActions,10555-of-13898,49034492,5337930.38,210,109310,358,148,,,,,,
HalveSediment_20MSolution(11559_of_13898)-ManagementActions,11559-of-13898,49077329,4045767.11,212,110420,359,147,,,,,,
HalveSediment_20MSolution(9408_of_13898)-ManagementActions,9408-of-13898,49084107,3453262.53,212,110063,360,148,,,,,,
HalveSediment_20MSolution(2916_of_13898)-ManagementActions,2916-of-13898,49099445,3472438.28,214,110834,357,144,,,,,,
HalveSediment_20MSolution(5441_of_13898)-ManagementActions,5441-of-13898,49124668,3229276.58,213,111255,357,143,,,,,,
HalveSediment_20MSolution(11456_of_13898)-ManagementActions,11456-of-13898,49140059,4464553.39,213,109927,361,148,,,,,,
HalveSediment_20MSolution(11009_of_13898)-ManagementActions,11009-of-13898,49175199,3154367.44,212,109729,361,148,,,,,,
HalveSediment_20MSolution(2952_of_13898)-ManagementActions,2952-of-13898,49258378,4143965.19,212,109797,360,148,,,,,,
HalveSediment_20MSolution(3435_of_13898)-ManagementActions,3435-of-13898,49270719,3482551.55,213,110338,359,146,,,,,,
HalveSediment_20MSolution(3434_of_13898)-ManagementActions,3434-of-13898,49305695,3483812.14,213,110338,359,146,,,,,,
HalveSediment_20MSolution(3433_of_13898)-ManagementActions,3433-of-13898,49317950,3485179.69,213,110338,359,146,,,,,,
HalveSediment_20MSolution(6856_of_13898)-ManagementActions,6856-of-13898,49329178,4073789.22,212,110310,359,147,,,,,,
HalveSediment_20MSolution(8889_of_13898)-ManagementActions,8889-of-13898,49463527,4376832.06,212,110328,357,145,,,,,,
HalveSediment_20MSolution(2357_of_13898)-ManagementActions,2357-of-13898,49468625,3499143.79,213,110743,356,143,,,,,,
HalveSediment_20MSolution(8098_of_13898)-ManagementActions,8098-of-13898,49513656,4915830.81,213,110938,357,144,,,,,,
HalveSediment_20MSolution(6106_of_13898)-ManagementActions,6106-of-13898,49545278,4069696.99,212,110378,359,147,,,,,,
HalveSediment_20MSolution(11558_of_13898)-ManagementActions,11558-of-13898,49558221,4117495.75,212,110320,358,146,,,,,,
HalveSediment_20MSolution(7175_of_13898)-ManagementActions,7175-of-13898,49583729,3499143.79,213,110731,356,143,,,,,,
HalveSediment_20MSolution(12094_of_13898)-ManagementActions,12094-of-13898,49605422,4200730.29,213,111019,355,143,,,,,,
HalveSediment_20MSolution(6070_of_13898)-ManagementActions,6070-of-13898,49616689,4313616.23,212,110651,358,146,,,,,,
HalveSediment_20MSolution(1121_of_13898)-ManagementActions,1121-of-13898,49621708,4606850.95,211,110102,357,146,,,,,,
HalveSediment_20MSolution(8097_of_13898)-ManagementActions,8097-of-13898,49628122,4920895.01,213,110935,357,144,,,,,,
HalveSediment_20MSolution(12147_of_13898)-ManagementActions,12147-of-13898,49634959,3701311.38,212,110135,359,147,,,,,,
HalveSediment_20MSolution(7206_of_13898)-ManagementActions,7206-of-13898,49668478,4469376.57,212,109673,360,148,,,,,,
HalveSediment_20MSolution(11469_of_13898)-ManagementActions,11469-of-13898,49681826,4020630.05,213,110324,356,143,,,,,,
HalveSediment_20MSolution(2780_of_13898)-ManagementActions,2780-of-13898,49715479,4341258.07,212,110797,356,143,,,,,,
HalveSediment_20MSolution(3394_of_13898)-ManagementActions,3394-of-13898,49751980,3842865.13,213,110048,359,146,,,,,,
HalveSediment_20MSolution(6855_of_13898)-ManagementActions,6855-of-13898,49761064,4078222.53,212,110300,358,147,,,,,,
HalveSediment_20MSolution(6854_of_13898)-ManagementActions,6854-of-13898,49828257,4088028.07,212,110298,358,147,,,,,,
HalveSediment_20MSolution(9903_of_13898)-ManagementActions,9903-of-13898,49841329,4337314.95,210,108604,361,151,,,,,,
HalveSediment_20MSolution(10554_of_13898)-ManagementActions,10554-of-13898,49846262,5341893.38,210,109274,357,147,,,,,,
HalveSediment_20MSolution(11305_of_13898)-ManagementActions,11305-of-13898,49849488,4257368.18,212,109783,359,147,,,,,,
HalveSediment_20MSolution(7835_of_13898)-ManagementActions,7835-of-13898,49900710,5051213.57,212,110582,354,143,,,,,,
HalveSediment_20MSolution(4315_of_13898)-ManagementActions,4315-of-13898,49918071,5341893.38,210,109271,357,147,,,,,,
HalveSediment_20MSolution(11304_of_13898)-ManagementActions,11304-of-13898,49963953,4262432.38,212,109780,359,147,,,,,,
HalveSediment_20MSolution(6093_of_13898)-ManagementActions,6093-of-13898,49965505,3285742.04,213,110226,360,148,,,,,,
HalveSediment_20MSolution(11303_of_13898)-ManagementActions,11303-of-13898,49966239,4262455.86,212,109780,359,147,,,,,,
HalveSediment_20MSolution(12093_of_13898)-ManagementActions,12093-of-13898,49974602,4227435.8,212,110928,354,142,,,,,,
HalveSediment_20MSolution(11008_of_13898)-ManagementActions,11008-of-13898,49984991,3299039.52,212,109709,360,148,,,,,,
HalveSediment_20MSolution(11468_of_13898)-ManagementActions,11468-of-13898,49989449,4075921.61,212,110255,355,143,,,,,,
HalveSediment_20MSolution(3949_of_13898)-ManagementActions,3949-of-13898,50012622,4348948.25,212,110647,357,145,,,,,,
HalveSediment_20MSolution(6582_of_13898)-ManagementActions,6582-of-13898,50096046,4117833.98,212,110304,357,146,,,,,,
HalveSediment_20MSolution(12840_of_13898)-ManagementActions,12840-of-13898,50102983,6757750.64,213,110786,355,143,,,,,,
HalveSediment_20MSolution(2124_of_13898)-ManagementActions,2124-of-13898,50145891,3612635.98,213,110710,355,142,,,,,,
HalveSediment_20MSolution(8216_of_13898)-ManagementActions,8216-of-13898,50184229,3790943.67,210,108574,361,151,,,,,,
HalveSediment_20MSolution(5487_of_13898)-ManagementActions,5487-of-13898,50185082,3511360.76,213,111280,357,143,,,,,,
,,42876405.64,3475684.539,213,110425.186,363,150,,,,,,
